,keyword,count
0,봄,486
1,벚꽃,444
2,노래,428
3,하다,246
4,좋다,236
5,들다,229
6,오다,224
7,이,181
8,위,162
9,엔딩,161
10,올라오다,161
11,보다,144
12,차트,140
13,되다,137
14,듣다,131
15,진짜,129
16,좀비,125
17,연금,115
18,때,114
19,있다,113
20,또,111
21,같다,78
22,생각나다,74
23,다시,71
24,올해,69
25,그,63
26,없다,61
27,나오다,60
28,곡,60
29,슬슬,60
30,이제,57
31,순위,55
32,가다,55
33,역시,54
34,아니다,52
35,장범준,51
36,이다,47
37,버스커,47
38,이노,43
39,오늘,43
40,설레다,40
41,매년,40
42,날씨,39
43,벌써,39
44,시작,38
45,그대,38
46,것,37
47,올라가다,35
48,수,34
49,나다,32
50,돌아오다,30
51,사람,29
52,코로나,29
53,내,28
54,싶다,27
55,나,26
56,지금,26
57,명곡,25
58,거,25
59,멜론,25
60,곧,25
61,느낌,25
62,모르다,24
63,날,24
64,버스커버스커,24
65,않다,24
66,언제,24
67,생각,24
68,안,23
69,계절,22
70,재생,22
71,좀,22
72,가즈,22
73,임,22
74,미세먼지,21
75,더,21
76,돼다,21
77,그렇다,21
78,왜,21
79,범준,21
80,실화,20
81,년,20
82,이번,20
83,시즌,20
84,다운로드,20
85,개,20
86,음악,19
87,듯,19
88,오르다,19
89,해주다,19
90,그때,19
91,기분,19
92,역주행,18
93,시간,18
94,떠오르다,18
95,진입,18
96,지나다,17
97,넘다,17
98,정말,17
99,하트,17
100,계속,17
101,대박,17
102,처음,17
103,휘날리다,17
104,때문,17
105,들어오다,17
106,겨울,16
107,그냥,16
108,자다,16
109,추억,16
110,되어다,16
111,신기하다,16
112,따뜻하다,16
113,만들다,16
114,중,15
115,면,15
116,어제,15
117,최고,15
118,안질리다,15
119,이렇다,15
120,미치다,15
121,사라지다,15
122,자체,15
123,무섭다,15
124,스물,14
125,느끼다,14
126,크다,14
127,집,14
128,이곡,14
129,뭐,14
130,보고,14
131,남다,14
132,거의,13
133,피다,13
134,많다,13
135,대단하다,13
136,제일,13
137,찾다,13
138,바람,13
139,알다,13
140,거리,13
141,해,13
142,내년,12
143,정도,12
144,함,12
145,앨범,12
146,맞다,12
147,살아나다,12
148,벛꽃,12
149,우리,12
150,장봄준,12
151,피,11
152,꽃,11
153,걷다,11
154,나가다,11
155,봄날,11
156,얼마,11
157,차다,11
158,항상,11
159,기다리다,11
160,찾아오다,11
161,걸다,11
162,게,11
163,들려주다,10
164,가사,10
165,행복하다,10
166,멜로디,10
167,띵곡,10
168,따다,10
169,젠,10
170,꼭,10
171,어떻다,10
172,기억,10
173,나무,10
174,갑자기,10
175,최초,10
176,없어지다,10
177,어디,10
178,들리다,10
179,질리다,9
180,쯤,9
181,하나,9
182,평생,9
183,이유,9
184,여전하다,9
185,갈다,9
186,잎,9
187,찍다,9
188,말,9
189,궁금하다,9
190,보이다,9
191,봄바람,9
192,점점,9
193,레전드,9
194,뒤,9
195,헐다,8
196,버리다,8
197,먼저,8
198,나중,8
199,한번,8
200,목련,8
201,년도,8
202,냄새,8
203,들어가다,8
204,버스,8
205,마음,8
206,내다,8
207,만,8
208,늘다,8
209,고,8
210,짱,8
211,수준,8
212,지다,8
213,표현,8
214,우리나라,8
215,검색,8
216,여름,8
217,전,8
218,부분,8
219,흩날리다,8
220,돋다,7
221,해도,7
222,이형,7
223,혼자,7
224,한국,7
225,소름,7
226,송,7
227,틀다,7
228,작년,7
229,이쯤,7
230,좋아하다,7
231,진심,7
232,동네,7
233,개띵곡,7
234,뭔가,7
235,끝나다,7
236,놀다,7
237,안남다,7
238,뜨다,7
239,사실,7
240,사랑,7
241,느껴지다,7
242,인하다,7
243,야하다,7
244,댓글,7
245,대다,7
246,알,7
247,군대,7
248,듣기,7
249,부르다,7
250,떠올리다,7
251,봄봄봄,7
252,풀리다,7
253,그립다,7
254,벚꽃놀이,6
255,살다,6
256,시기,6
257,어울리다,6
258,못,6
259,상위,6
260,주다,6
261,요,6
262,벌다,6
263,이기다,6
264,서다,6
265,축제,6
266,걸,6
267,잊다,6
268,새롭다,6
269,스무살,6
270,오,6
271,따스하다,6
272,대학,6
273,받다,6
274,가을,6
275,대표,6
276,캐롤,6
277,똑같다,6
278,소리,6
279,모습,6
280,입춘,6
281,웃다,6
282,밤,6
283,가장,6
284,순간,6
285,시절,6
286,간다,6
287,부럽다,6
288,실시간,6
289,길,6
290,이상하다,6
291,돈,6
292,후손,6
293,속,5
294,첫,5
295,현재,5
296,틀,5
297,탑,5
298,동안,5
299,모든,5
300,단,5
301,스,5
302,살,5
303,막,5
304,연간,5
305,무조건,5
306,아마,5
307,어도,5
308,적,5
309,반갑다,5
310,안녕,5
311,추다,5
312,초딩,5
313,갓,5
314,컴백,5
315,도,5
316,줄,5
317,솔직하다,5
318,민요,5
319,부,5
320,준비,5
321,하루,5
322,떨어지다,5
323,들려오다,5
324,타고,5
325,옴,5
326,다음,5
327,치다,5
328,아련하다,5
329,지나가다,5
330,후,5
331,축하,5
332,기상청,5
333,대체,5
334,머,5
335,인정,5
336,자,5
337,일간,5
338,요즘,5
339,연상,5
340,전주,5
341,목소리,5
342,전설,5
343,대한민국,5
344,손잡다,5
345,밖,5
346,좋아지다,5
347,땜,5
348,부활,5
349,들어주다,5
350,얘,5
351,도입,5
352,구경,5
353,누르다,5
354,짐,5
355,빠르다,5
356,꽃송이,5
357,바다,5
358,쩐다,5
359,들어서다,5
360,여기,4
361,주,4
362,애,4
363,안되다,4
364,여수,4
365,일,4
366,리스트,4
367,추가,4
368,바로,4
369,플레이,4
370,개다,4
371,비,4
372,이면,4
373,잊혀지다,4
374,대학생,4
375,각,4
376,불면,4
377,예쁘다,4
378,음,4
379,겠다,4
380,열다,4
381,깨어나다,4
382,슬금슬금,4
383,감성,4
384,세월,4
385,정확하다,4
386,훗날,4
387,밉다,4
388,난,4
389,여러분,4
390,울리다,4
391,막다,4
392,덕분,4
393,일단,4
394,밑,4
395,코코,4
396,그대로,4
397,타,4
398,밥,4
399,태식,4
400,로만,4
401,이상,4
402,상징,4
403,와우,4
404,벗꽃,4
405,잇다,4
406,춘분,4
407,보,4
408,보내다,4
409,무한,4
410,놓다,4
411,여,4
412,떡,4
413,영원하다,4
414,앞,4
415,십년,4
416,감정,4
417,개수,4
418,슬,4
419,대학교,4
420,건,4
421,온,4
422,제목,4
423,캠퍼스,4
424,뮤비,4
425,비다,4
426,생기다,4
427,모두,4
428,건지다,4
429,만나다,4
430,벚태식,4
431,웃기다,4
432,공부,4
433,명,4
434,눈물,4
435,건가,4
436,다가오다,4
437,오기,4
438,국민,4
439,출첵,4
440,마지막,4
441,예상,4
442,쓰다,4
443,생활,4
444,드리다,4
445,남자친구,4
446,이르다,4
447,수능,4
448,올리다,4
449,기어,4
450,중학교,4
451,작곡,4
452,교과서,3
453,덜,3
454,클라스,3
455,확인,3
456,공식,3
457,옛날,3
458,의미,3
459,데,3
460,신드롬,3
461,꾸준하다,3
462,만하,3
463,먹고살다,3
464,괴물,3
465,마냥,3
466,등,3
467,충격,3
468,날리다,3
469,눈물나다,3
470,아빠,3
471,하나로,3
472,내려가다,3
473,늘,3
474,당신,3
475,매번,3
476,찾아듣다,3
477,헤어지다,3
478,한겨울,3
479,며칠,3
480,공무원,3
481,용,3
482,땐,3
483,만해,3
484,위로,3
485,몇,3
486,등장,3
487,인생,3
488,학교,3
489,스트리밍,3
490,딸,3
491,거기,3
492,타다,3
493,틀어주다,3
494,친구,3
495,두근거리다,3
496,초등학교,3
497,지겹다,3
498,볼,3
499,뜻,3
500,미리,3
501,새내기,3
502,가면,3
503,청춘,3
504,누가,3
505,서운하다,3
506,마법,3
507,맘,3
508,님들,3
509,눈,3
510,파이팅,3
511,연인,3
512,당연하다,3
513,지구온난화,3
514,조금,3
515,노랗다,3
516,지도,3
517,캐럴,3
518,쭉쭉,3
519,이만,3
520,기적,3
521,학번,3
522,형,3
523,애국가,3
524,내일,3
525,섭섭하다,3
526,증거,3
527,꽃샘추위,3
528,엊그제,3
529,분명,3
530,위가즈,3
531,확,3
532,길거리,3
533,그리다,3
534,지구,3
535,이후,3
536,딱이다,3
537,먹다,3
538,달,3
539,번,3
540,움,3
541,뻔,3
542,아쉽다,3
543,젤,3
544,여기다,3
545,완전,3
546,초반,3
547,급,3
548,찍,3
549,쌀쌀하다,3
550,높다,3
551,울렁이다,3
552,니,3
553,자꾸,3
554,연애,3
555,부산,3
556,겹,3
557,소식,3
558,음원,3
559,은,3
560,버,3
561,얼른,3
562,어쩜,3
563,흘러가다,3
564,해보다,3
565,벜벜,3
566,반복,3
567,늦다,3
568,무슨,3
569,영,3
570,짧아지다,3
571,나타나다,3
572,넣다,3
573,죽지,3
574,남자,3
575,이군,3
576,창,3
577,창문,3
578,추천,3
579,혹시,3
580,꽃놀이,3
581,인기,3
582,예전,3
583,기운,3
584,새,3
585,네버엔딩,3
586,아아,3
587,뛰다,3
588,고려시대,3
589,봄임,3
590,큐,3
591,벗다,3
592,발매,3
593,네,3
594,자연,3
595,불다,3
596,비슷하다,2
597,믈,2
598,흠칫,2
599,되었쥬,2
600,신병,2
601,해지니,2
602,공기,2
603,생활관,2
604,법,2
605,터지다,2
606,효자,2
607,향기롭다,2
608,각자,2
609,시키다,2
610,성지순례,2
611,마다,2
612,상승,2
613,황사,2
614,여자,2
615,복귀,2
616,오히려,2
617,대여,2
618,캬,2
619,지난,2
620,회상,2
621,역사,2
622,나이,2
623,화이트,2
624,나들이,2
625,힘들다,2
626,기세,2
627,데이,2
628,학년,2
629,꽃길,2
630,지리다,2
631,덜덜,2
632,엑소,2
633,목록,2
634,다녀오다,2
635,꿀,2
636,통합,2
637,최대,2
638,많아지다,2
639,넹,2
640,내주다,2
641,멀다,2
642,탓,2
643,끄다,2
644,결혼,2
645,넘쥬,2
646,돌파,2
647,떼창,2
648,어느새다,2
649,베댓,2
650,왓,2
651,흥얼거리다,2
652,입,2
653,가야,2
654,가사도,2
655,챠트,2
656,일기예보,2
657,흐르다,2
658,하늘,2
659,순수하다,2
660,아무,2
661,전역,2
662,하자,2
663,수록,2
664,망하다,2
665,길터,2
666,스믈스믈,2
667,필때,2
668,새다,2
669,떳다,2
670,햇살,2
671,앉다,2
672,상상,2
673,아파트,2
674,제대로,2
675,둘,2
676,인증,2
677,지역,2
678,찾아보다,2
679,장르,2
680,장창,2
681,무렵,2
682,추워지다,2
683,맘때,2
684,달다,2
685,라나,2
686,산들,2
687,차,2
688,벌,2
689,터널,2
690,유희열,2
691,랜,2
692,스멀,2
693,향기,2
694,자식,2
695,군,2
696,화이팅,2
697,그려지다,2
698,제,2
699,왓다,2
700,초,2
701,남,2
702,안나,2
703,재호,2
704,편하다,2
705,노무,2
706,위엄,2
707,애인,2
708,조심하다,2
709,인지,2
710,달뒤,2
711,말다,2
712,부탁드리다,2
713,벛태식,2
714,큭큭,2
715,넘기다,2
716,다른,2
717,버블,2
718,점심시간,2
719,로,2
720,대의,2
721,충분하다,2
722,걸어가다,2
723,너,2
724,걔,2
725,만큼,2
726,약속,2
727,유독,2
728,곁,2
729,싫다,2
730,더디다,2
731,띠,2
732,천재,2
733,가능,2
734,넘사벽,2
735,오라,2
736,봄맞이,2
737,오늘날,2
738,어서,2
739,쭉,2
740,따르다,2
741,꽃피,2
742,몰려오다,2
743,소름끼치다,2
744,책,2
745,낮,2
746,남친,2
747,아웃,2
748,오오오,2
749,가요,2
750,이야기,2
751,방송,2
752,봄끝,2
753,슬금,2
754,에바,2
755,묻다,2
756,감사하다,2
757,웃음,2
758,수도,2
759,외국인,2
760,유일하다,2
761,호강,2
762,절대,2
763,준,2
764,조,2
765,말로,2
766,일병,2
767,엠넷,2
768,머릿속,2
769,안보,2
770,왓네,2
771,방탄,2
772,허전하다,2
773,기타,2
774,수저,2
775,춥다,2
776,장,2
777,방,2
778,중독,2
779,휩쓸다,2
780,거지같다,2
781,질리,2
782,우울하다,2
783,가능하다,2
784,소풍,2
785,영상,2
786,어리다,2
787,구석,2
788,뿐,2
789,랭킹,2
790,작다,2
791,만기일,2
792,사계절,2
793,애초,2
794,밟다,2
795,굿굿굿,2
796,차지,2
797,벚,2
798,시국,2
799,실버,2
800,그림,2
801,가수,2
802,공원,2
803,진정하다,2
804,보이,2
805,선,2
806,조만간,2
807,새록새록,2
808,땜시,2
809,부터,2
810,날다,2
811,라이어,2
812,휘,2
813,현실,2
814,새벽,2
815,캐리,2
816,귀가,2
817,검색어,2
818,기쁘다,2
819,지나치다,2
820,어쩐지,2
821,자수,2
822,걱정,2
823,매일,2
824,긋다,2
825,포근하다,2
826,세대,2
827,아저씨,2
828,스밍,2
829,아래,2
830,이해,2
831,가나,2
832,막히다,2
833,산책,2
834,벚나무,2
835,찌다,2
836,런가,2
837,고프다,2
838,무,2
839,발,2
840,당장,2
841,힐링,2
842,돌아가다,2
843,저,2
844,군항제,2
845,중학생,2
846,붙다,2
847,지우다,2
848,분위기,2
849,달래다,2
850,흥,2
851,유행,2
852,낮다,2
853,편곡,2
854,제발,2
855,피지,2
856,신입생,2
857,수가,2
858,마스크,2
859,조물,2
860,알리다,2
861,델타,2
862,줄어드,2
863,작사,2
864,영차,2
865,재밌다,2
866,노랜,2
867,긴장,2
868,백신,2
869,파일,2
870,대리,2
871,쩔다,2
872,저기,2
873,글,2
874,풋풋하다,2
875,다르다,2
876,전체,2
877,아침,2
878,슈스케,2
879,신나다,2
880,업,2
881,슬프다,2
882,분,2
883,형님,2
884,사재기,2
885,크리스마스,2
886,수금,2
887,구나,2
888,성시경,2
889,살기,1
890,느님,1
891,적당하다,1
892,로또,1
893,언급,1
894,몽글하다,1
895,삶,1
896,로이킴,1
897,경,1
898,눕다,1
899,때리다,1
900,아련터져,1
901,요가,1
902,레알,1
903,덜다,1
904,수험셍,1
905,이름,1
906,최근,1
907,이롭다,1
908,알림,1
909,간절하다,1
910,봄비,1
911,달안,1
912,존,1
913,따봉스,1
914,흐오어엉,1
915,허다,1
916,종,1
917,서러움,1
918,짧다,1
919,저가,1
920,음악인,1
921,체리,1
922,황금알,1
923,벛꽃들,1
924,경배,1
925,낳다,1
926,거위,1
927,주위,1
928,달달,1
929,절도,1
930,김동률,1
931,카드,1
932,님,1
933,아리랑,1
934,이루어지다,1
935,군복무,1
936,엔시,1
937,된거,1
938,컹,1
939,줄평,1
940,여자친구,1
941,벛꽃좀비,1
942,티,1
943,실어,1
944,요호,1
945,전부,1
946,현상,1
947,도덕,1
948,오름,1
949,홀린,1
950,금수,1
951,듯이,1
952,있넹,1
953,전국,1
954,그치다,1
955,의문,1
956,필요하다,1
957,들뜨다,1
958,풍습,1
959,먼지,1
960,최,1
961,빠지다,1
962,여겨지다,1
963,린다,1
964,존경,1
965,힘드다,1
966,저절로,1
967,제왕,1
968,전무후무,1
969,대기,1
970,등재,1
971,커버,1
972,열흘,1
973,청각장애,1
974,장애,1
975,몸,1
976,극복,1
977,픈,1
978,원래,1
979,곳곳,1
980,별표,1
981,히트,1
982,위함,1
983,신곡,1
984,이등병,1
985,거나,1
986,대중,1
987,놀람,1
988,픽,1
989,썸,1
990,뺏다,1
991,방탄소년단,1
992,깜짝,1
993,제격,1
994,음색,1
995,몽환,1
996,노래레,1
997,미래,1
998,쌤,1
999,띵작,1
1000,파트,1
1001,잠깐,1
1002,상,1
1003,전율,1
1004,드라이브,1
1005,가게,1
1006,버터,1
1007,이발,1
1008,약간,1
1009,나쁘다,1
1010,발라드,1
1011,맞이,1
1012,벚곷,1
1013,우왕,1
1014,일학년,1
1015,교정,1
1016,장면,1
1017,범띠,1
1018,갯수,1
1019,멋지다,1
1020,앤딩,1
1021,필수,1
1022,그녀,1
1023,중반,1
1024,조합,1
1025,숴,1
1026,요새,1
1027,운,1
1028,불,1
1029,하,1
1030,설레넹,1
1031,범주,1
1032,해짐,1
1033,만병통치약,1
1034,연장,1
1035,이바람,1
1036,빠,1
1037,메일,1
1038,옮기다,1
1039,딱좋다,1
1040,못봣,1
1041,여행가,1
1042,고해,1
1043,점,1
1044,위해,1
1045,수련,1
1046,회,1
1047,활동,1
1048,교관,1
1049,이서,1
1050,손,1
1051,끼다,1
1052,안해,1
1053,세,1
1054,최강,1
1055,웬일,1
1056,뮤직,1
1057,금송,1
1058,네이버,1
1059,하니,1
1060,굿,1
1061,스타,1
1062,페북,1
1063,화제,1
1064,로움,1
1065,언빌리,1
1066,거품,1
1067,반,1
1068,대면,1
1069,흗,1
1070,진,1
1071,상쾌하다,1
1072,힝,1
1073,개인,1
1074,노,1
1075,수학여행,1
1076,개뭐,1
1077,봄철,1
1078,과일,1
1079,돌다,1
1080,고백,1
1081,데일,1
1082,지나,1
1083,심심,1
1084,다니다,1
1085,살아오다,1
1086,깡패,1
1087,시대,1
1088,회사,1
1089,바쁘다,1
1090,피고,1
1091,귀신,1
1092,히트치다,1
1093,몇몇,1
1094,역쉬,1
1095,갠,1
1096,킬러,1
1097,안다,1
1098,기해,1
1099,도래,1
1100,피기,1
1101,다나,1
1102,셧다,1
1103,땃,1
1104,자마자,1
1105,공감,1
1106,기다,1
1107,영향,1
1108,시베리아,1
1109,추위,1
1110,신,1
1111,역다,1
1112,데리다,1
1113,이미지,1
1114,여기저기,1
1115,곧다,1
1116,누르기,1
1117,캬아아,1
1118,닫다,1
1119,더워지다,1
1120,스리,1
1121,마치,1
1122,스포,1
1123,위거,1
1124,예언,1
1125,이상은,1
1126,이용자,1
1127,햇빛,1
1128,삼십만,1
1129,눈앞,1
1130,수위,1
1131,그땔,1
1132,찌,1
1133,행,1
1134,닭살,1
1135,구낭,1
1136,예,1
1137,코인,1
1138,활,1
1139,놈,1
1140,직,1
1141,후문,1
1142,련,1
1143,아련,1
1144,산다,1
1145,채,1
1146,내무반,1
1147,버셨다,1
1148,억,1
1149,복권,1
1150,고삼,1
1151,종일,1
1152,유튭,1
1153,갈구다,1
1154,줄다,1
1155,화음,1
1156,쟈,1
1157,대신,1
1158,셋,1
1159,산뜻하다,1
1160,괜시리,1
1161,즈음,1
1162,징,1
1163,상기,1
1164,버닝중,1
1165,기준,1
1166,바라다,1
1167,연속,1
1168,아이돌,1
1169,제외,1
1170,야생화,1
1171,주안,1
1172,팬덤,1
1173,자기,1
1174,빨,1
1175,십오,1
1176,박효신,1
1177,메리크리스마스,1
1178,고맙다,1
1179,브래드,1
1180,줄어들다,1
1181,제대,1
1182,줌,1
1183,느리다,1
1184,속도,1
1185,야호,1
1186,댜,1
1187,차오르다,1
1188,벜부심,1
1189,추카,1
1190,블리,1
1191,해안,1
1192,경축,1
1193,아악,1
1194,사이,1
1195,두번째,1
1196,짓다,1
1197,미르,1
1198,띤,1
1199,신호,1
1200,스루스루,1
1201,빌딩,1
1202,감기,1
1203,불문,1
1204,지원,1
1205,자동,1
1206,음성,1
1207,꽤,1
1208,보더,1
1209,시점,1
1210,콘서트,1
1211,싱,1
1212,방기,1
1213,앗,1
1214,폰,1
1215,좋케따,1
1216,공차,1
1217,다가,1
1218,왕,1
1219,맞추다,1
1220,겁니다,1
1221,근무,1
1222,벤치,1
1223,약,1
1224,위곡입,1
1225,아이스크림,1
1226,저편,1
1227,급하다,1
1228,해마,1
1229,맨,1
1230,각설이,1
1231,거러용,1
1232,생기,1
1233,헤,1
1234,사학,1
1235,국민연금,1
1236,기억나다,1
1237,온건,1
1238,미쳣,1
1239,희다,1
1240,년뒤,1
1241,개구,1
1242,가볍다,1
1243,놀래다,1
1244,입다,1
1245,외투,1
1246,챙기다,1
1247,므믈스믈,1
1248,간절,1
1249,기,1
1250,송이,1
1251,역전,1
1252,보험,1
1253,했넹,1
1254,신다,1
1255,크롤,1
1256,견디다,1
1257,전생,1
1258,믿다,1
1259,놀랍다,1
1260,재등장,1
1261,인연,1
1262,두리,1
1263,슈가,1
1264,조앙,1
1265,본격,1
1266,또오셧네,1
1267,연락,1
1268,이글,1
1269,만기,1
1270,안타깝다,1
1271,물들다,1
1272,세다,1
1273,합,1
1274,선실,1
1275,다음주,1
1276,강타,1
1277,한반도,1
1278,만연하다,1
1279,한파,1
1280,지남,1
1281,궁금,1
1282,지리,1
1283,힘내다,1
1284,갇히다,1
1285,취업,1
1286,저작권,1
1287,매,1
1288,때안뙜,1
1289,하이패스,1
1290,통장,1
1291,면접,1
1292,관리,1
1293,세련되다,1
1294,추움,1
1295,바야흐로,1
1296,소환,1
1297,훅훅,1
1298,그다음,1
1299,다지다,1
1300,복임,1
1301,발판,1
1302,높이,1
1303,기대,1
1304,동영상,1
1305,잔디,1
1306,옆,1
1307,분수,1
1308,관광지,1
1309,별로,1
1310,렬루,1
1311,여윽시,1
1312,설레임,1
1313,위협,1
1314,놀라다,1
1315,밤꽃,1
1316,나서다,1
1317,켜다,1
1318,실검,1
1319,꽃망울,1
1320,비틀즈,1
1321,씨,1
1322,등수,1
1323,소가,1
1324,하드,1
1325,실감,1
1326,벛꽃연금,1
1327,식다,1
1328,선샤인,1
1329,명작,1
1330,신앙,1
1331,탄핵,1
1332,연금복권,1
1333,오후,1
1334,가보,1
1335,질주,1
1336,하락,1
1337,세상,1
1338,씹다,1
1339,계단,1
1340,벛꽃엔딩,1
1341,이정,1
1342,칸,1
1343,성큼성큼,1
1344,청산별곡,1
1345,교차,1
1346,댐,1
1347,복잡하다,1
1348,엮,1
1349,사랑스럽다,1
1350,원,1
1351,가득하다,1
1352,공,1
1353,뭘,1
1354,비결,1
1355,거들다,1
1356,접근,1
1357,이처럼,1
1358,다중,1
1359,오프닝,1
1360,참다,1
1361,가시,1
1362,묘,1
1363,발동,1
1364,슬근슬금,1
1365,갱신,1
1366,날아다니다,1
1367,듣긔,1
1368,닷,1
1369,거지,1
1370,띵곡운,1
1371,어째서,1
1372,또왔넹,1
1373,뇨,1
1374,바깥,1
1375,사다,1
1376,벚꽂필땐,1
1377,간만,1
1378,한텐,1
1379,체육,1
1380,딩,1
1381,상황,1
1382,성지글,1
1383,판이,1
1384,출현,1
1385,연봉,1
1386,딩가딩,1
1387,꽃씨,1
1388,지치다,1
1389,아련터,1
1390,상큼,1
1391,솔로,1
1392,가보다,1
1393,틀어박히다,1
1394,불가,1
1395,설마,1
1396,부정,1
1397,답글좀,1
1398,몇번,1
1399,즐기다,1
1400,에나,1
1401,떨다,1
1402,뚝,1
1403,범실,1
1404,만우절,1
1405,푸르름,1
1406,판테온,1
1407,뜨뜻하다,1
1408,리릭,1
1409,드르,1
1410,뭐시기,1
1411,다행,1
1412,트렌디,1
1413,신인,1
1414,응원,1
1415,대중픽,1
1416,따리,1
1417,대한,1
1418,그룹,1
1419,저희,1
1420,모시다,1
1421,늘어나다,1
1422,아깝다,1
1423,생겨나다,1
1424,밀림,1
1425,하모니카,1
1426,환상,1
1427,가득,1
1428,돌려주다,1
1429,밀리다,1
1430,흔들리다,1
1431,아쉬움,1
1432,남기다,1
1433,닭,1
1434,자정,1
1435,패,1
1436,공교롭,1
1437,화이트데이,1
1438,예감,1
1439,선물,1
1440,사탕,1
1441,떨리다,1
1442,애기,1
1443,여행,1
1444,때됫,1
1445,겄,1
1446,운지,1
1447,추,1
1448,당기다,1
1449,고딩,1
1450,기구,1
1451,서서히,1
1452,예년,1
1453,이동,1
1454,쇼,1
1455,정리,1
1456,잡아먹다,1
1457,겪다,1
1458,쉬다,1
1459,진격,1
1460,꺼지다,1
1461,팥빙수,1
1462,여름밤,1
1463,피해자,1
1464,경칩,1
1465,낭,1
1466,너머,1
1467,점심,1
1468,탁하다,1
1469,치트키,1
1470,전령,1
1471,값,1
1472,스킨,1
1473,됫,1
1474,째다,1
1475,산타,1
1476,출격,1
1477,사도,1
1478,살랑대다,1
1479,넿,1
1480,타라,1
1481,한가운데,1
1482,놀랫다,1
1483,소득,1
1484,고정,1
1485,무겁다,1
1486,빼앗기다,1
1487,부다,1
1488,어림없다,1
1489,허가,1
1490,줄기차다,1
1491,스고이,1
1492,왔넹,1
1493,쫓다,1
1494,흔꽃샴향,1
1495,진리,1
1496,되찾다,1
1497,일만,1
1498,분노의질주,1
1499,수직,1
1500,셧,1
1501,대학시절,1
1502,만발,1
1503,목,1
1504,봄무,1
1505,배치,1
1506,붉다,1
1507,끝,1
1508,거닐다,1
1509,일기장,1
1510,무심하다,1
1511,그게,1
1512,힐것,1
1513,눈시울,1
1514,오지,1
1515,적지,1
1516,벛꽃보러,1
1517,연주,1
1518,사거리,1
1519,수학,1
1520,국어,1
1521,자락,1
1522,지키다,1
1523,정상,1
1524,이모티콘,1
1525,가로수길,1
1526,꽃나무,1
1527,벛,1
1528,언덕,1
1529,존나,1
1530,다시다,1
1531,어우,1
1532,세명,1
1533,증가,1
1534,겨울방학,1
1535,원하다,1
1536,최애,1
1537,핑계,1
1538,어처피,1
1539,유치원,1
1540,장악,1
1541,논,1
1542,설명,1
1543,고함,1
1544,횟수,1
1545,다,1
1546,두둑하다,1
1547,지갑,1
1548,투여,1
1549,무엇,1
1550,시리즈,1
1551,온난화,1
1552,야구,1
1553,년금,1
1554,청아,1
1555,멍,1
1556,수정,1
1557,응답,1
1558,극성,1
1559,한국인,1
1560,겁나다,1
1561,회수,1
1562,디,1
1563,습,1
1564,라가,1
1565,강시,1
1566,가라,1
1567,외국,1
1568,기원,1
1569,유명하다,1
1570,종합,1
1571,울다,1
1572,날짜,1
1573,강남스타일,1
1574,신년,1
1575,드론,1
1576,마음속,1
1577,땅,1
1578,이지,1
1579,향,1
1580,스타일,1
1581,홀로,1
1582,괴리속,1
1583,사그라들다,1
1584,여물,1
1585,선거,1
1586,블랙데이,1
1587,잠자다,1
1588,불후의명곡,1
1589,더불다,1
1590,격리,1
1591,자가,1
1592,그루만,1
1593,뒤늦다,1
1594,선거일,1
1595,안좋다,1
1596,귀로,1
1597,봄스커봄스커,1
1598,젭알,1
1599,만족,1
1600,멜랑꼴리,1
1601,를,1
1602,맡다,1
1603,김,1
1604,우리동네,1
1605,베다,1
1606,습관,1
1607,헛,1
1608,진물,1
1609,보릴,1
1610,풍경,1
1611,족,1
1612,음질,1
1613,바이러스,1
1614,멋있다,1
1615,월드,1
1616,오브,1
1617,리그,1
1618,소중하다,1
1619,꺼내다,1
1620,대칭,1
1621,개쩌는듯,1
1622,주제곡,1
1623,늦가을,1
1624,꼬,1
1625,스럽다,1
1626,밴드,1
1627,난장판,1
1628,신천지,1
1629,챔피언십,1
1630,필요없다,1
1631,인터넷,1
1632,뒤지다,1
1633,정식,1
1634,팬,1
1635,만족하다,1
1636,겨,1
1637,게이,1
1638,곳,1
1639,기르다,1
1640,특유,1
1641,알차다,1
1642,본적,1
1643,짜다,1
1644,지인,1
1645,그땐,1
1646,넘버원,1
1647,국룰,1
1648,견장,1
1649,삭,1
1650,고려가요,1
1651,후렴구,1
1652,일종,1
1653,워워,1
1654,얄리얄라셩,1
1655,대학입시,1
1656,천년,1
1657,재다,1
1658,실,1
1659,뛔에에,1
1660,휘날릘,1
1661,어이없다,1
1662,따위,1
1663,눈덩이,1
1664,감상,1
1665,학습,1
1666,쓴다,1
1667,금보,1
1668,청곡,1
1669,식,1
1670,스밍목록,1
1671,만이,1
1672,단둘,1
1673,먹꼰니피,1
1674,써다,1
1675,기상,1
1676,인파,1
1677,질순,1
1678,존심,1
1679,던데,1
1680,쓸다,1
1681,데이트,1
1682,그로,1
1683,일리,1
1684,는걸,1
1685,아들,1
1686,연도,1
1687,뿐이다,1
1688,뚜렸했던,1
1689,꼴리다,1
1690,배알,1
1691,감,1
1692,별,1
1693,순,1
1694,개발,1
1695,환갑,1
1696,인천,1
1697,서울,1
1698,개화,1
1699,승부,1
1700,과거,1
1701,주르륵,1
1702,살때,1
1703,중간,1
1704,생생하다,1
1705,이어지다,1
1706,인,1
1707,알람,1
1708,싸다,1
1709,일상생활,1
1710,독서실,1
1711,행사,1
1712,따라오다,1
1713,연례,1
1714,행차,1
1715,쥐,1
1716,실실,1
1717,극상,1
1718,필,1
1719,감흥,1
1720,물어보다,1
1721,십대,1
1722,중금속,1
1723,맑다,1
1724,서든,1
1725,노년,1
1726,미래세,1
1727,올려주다,1
1728,파랗다,1
1729,고개,1
1730,잠시,1
1731,글피,1
1732,댕기,1
1733,비투비,1
1734,아랄,1
1735,라오,1
1736,시청,1
1737,그날,1
1738,슈돌,1
1739,킹,1
1740,출동,1
1741,사르르,1
1742,가로등,1
1743,주년,1
1744,운동,1
1745,첫날,1
1746,역대,1
1747,흐리다,1
1748,강변,1
1749,맑은,1
1750,상실케,1
1751,의지,1
1752,버는거,1
1753,문득,1
1754,엔터씩스,1
1755,핀걸,1
1756,명소,1
1757,조용하다,1
1758,며,1
1759,롤,1
1760,흑우,1
1761,식이,1
1762,환영,1
1763,재,1
1764,범,1
1765,담다,1
1766,찾기,1
1767,미련,1
1768,바뀌다,1
1769,사귀다,1
1770,대화,1
1771,눈부시다,1
1772,건축학개론,1
1773,한창,1
1774,흘리다,1
1775,고통,1
1776,확실하다,1
1777,싱숭생숭하다,1
1778,자자손손,1
1779,단어,1
1780,려,1
1781,깔다,1
1782,약하다,1
1783,재미,1
1784,금방,1
1785,광보,1
1786,이남,1
1787,또또,1
1788,나이스,1
1789,게뭐,1
1790,역사상,1
1791,후반,1
1792,서툴다,1
1793,차고,1
1794,얘기,1
1795,얼마나,1
1796,갑,1
1797,박형식,1
1798,취야밈,1
1799,업다,1
1800,손녀,1
1801,엄마,1
1802,자전거,1
1803,초등학생,1
1804,시간여행,1
1805,조건,1
1806,옛사랑,1
1807,이문세,1
1808,띠리링,1
1809,성,1
1810,사고,1
1811,아이유,1
1812,피볌,1
1813,마,1
1814,티비,1
1815,말차,1
1816,이란,1
1817,때즘,1
1818,누군가,1
1819,틀림,1
1820,벚꼿,1
1821,수혜자,1
1822,불후,1
1823,더욱,1
1824,본인,1
1825,아티스트,1
1826,무언가,1
1827,빅뱅,1
1828,집어넣다,1
1829,넘치다,1
1830,수많다,1
1831,땡기다,1
1832,누구,1
1833,인간,1
1834,효,1
1835,화나다,1
1836,등낭,1
1837,랄,1
1838,벛꽃사,1
1839,휴가,1
1840,크게,1
1841,차이,1
1842,황홀하다,1
1843,뮤직비디오,1
1844,선임,1
1845,력시,1
1846,자동차,1
1847,벗꼿엔딩,1
1848,부탁,1
1849,대별,1
1850,달도,1
1851,과연,1
1852,까먹다,1
1853,귤,1
1854,전기장판,1
1855,계산,1
1856,스마트폰,1
1857,기계로,1
1858,동기,1
1859,회관,1
1860,학생,1
1861,선선,1
1862,도대체,1
1863,과제,1
1864,이세,1
1865,핀곳,1
1866,가지다,1
1867,꽉,1
1868,이쁘다,1
1869,울산,1
1870,지방,1
1871,행복,1
1872,잘맞다,1
1873,슬그머니,1
1874,스케치북,1
1875,네버,1
1876,기간,1
1877,코앞,1
1878,시험,1
1879,결론,1
1880,시적,1
1881,잡다,1
1882,급상승,1
1883,사람과,1
1884,촘비,1
1885,품다,1
1886,색,1
1887,가지,1
1888,왈츠,1
1889,관짝,1
1890,슈트라우스,1
1891,엄청나다,1
1892,리가,1
1893,난리,1
1894,수험생,1
1895,미묘하다,1
1896,지내다,1
1897,암울하다,1
1898,고생,1
1899,읽다,1
1900,대구,1
1901,멸종,1
1902,자리,1
1903,머리,1
1904,몰아치다,1
1905,봄길,1
1906,성스럽다,1
1907,꽃핀봄,1
1908,반주,1
1909,창가,1
1910,머리카락,1
1911,출근,1
1912,지니,1
1913,정설,1
1914,학계,1
1915,인물,1
1916,하루하루,1
1917,뒤집어지다,1
1918,흐흐,1
1919,지역별,1
1920,메인,1
1921,진주,1
1922,가깝다,1
1923,위인,1
1924,저번,1
1925,이기,1
1926,무시무시하다,1
1927,지긋지긋하다,1
1928,증말,1
1929,연어,1
1930,버렀,1
1931,통과의례,1
1932,꽃잎,1
1933,촌스럽다,1
1934,전혀,1
1935,통기타,1
