,keyword,count
0,봄,492
1,노래,481
2,벚꽃,447
3,좋다,312
4,하다,277
5,들다,239
6,오다,235
7,이,185
8,엔딩,164
9,위,161
10,올라오다,160
11,보다,153
12,되다,152
13,진짜,142
14,차트,139
15,듣다,137
16,좀비,124
17,연금,115
18,때,115
19,또,114
20,있다,105
21,사람,104
22,꽃송이,100
23,그렇다,95
24,그,95
25,생각나다,79
26,없다,77
27,같다,74
28,다시,73
29,올해,68
30,가다,66
31,곡,63
32,나오다,61
33,이제,61
34,역시,59
35,슬슬,59
36,어렵다,56
37,순위,55
38,장범준,54
39,그게,54
40,버스커,50
41,피다,50
42,아니다,48
43,거,47
44,이다,45
45,나,45
46,오늘,45
47,이노,44
48,설레다,42
49,날씨,41
50,그대,41
51,벌써,41
52,시작,40
53,매년,40
54,나다,37
55,것,37
56,올라가다,35
57,버스커버스커,34
58,수,34
59,싶다,31
60,거리,31
61,안,31
62,내,30
63,코로나,30
64,돌아오다,29
65,꽃,29
66,느낌,28
67,왜,27
68,하모니카,27
69,손,27
70,더,26
71,지금,26
72,않다,25
73,좀,25
74,멜론,25
75,명곡,25
76,언제,25
77,기분,24
78,임,24
79,생각,23
80,송이,23
81,곧,23
82,가즈,22
83,재생,22
84,돼다,22
85,꼬셔,22
86,개,22
87,이번,22
88,미세먼지,21
89,범준,21
90,말,21
91,해주다,21
92,듯,21
93,날,21
94,걷다,21
95,추억,21
96,넘다,21
97,년,21
98,길,21
99,계절,21
100,실화,20
101,다운로드,20
102,따뜻하다,20
103,떠오르다,19
104,오르다,19
105,건지다,19
106,대박,19
107,때문,19
108,시즌,19
109,모르다,19
110,솔로,18
111,역주행,18
112,겨울,18
113,진입,18
114,그때,18
115,계속,17
116,번,17
117,하트,17
118,들어오다,17
119,자다,17
120,크다,17
121,수많다,17
122,알다,17
123,그래그래,17
124,자체,17
125,그냥,16
126,처음,16
127,최고,16
128,특별하다,16
129,신기하다,16
130,찾다,16
131,네,16
132,정말,16
133,이렇다,16
134,불다,16
135,휘날리다,15
136,어제,15
137,만들다,15
138,가사,15
139,면,15
140,중,15
141,뭐,15
142,집,15
143,안질리다,14
144,되어다,14
145,남다,14
146,느끼다,14
147,지나다,14
148,한번,14
149,차다,14
150,미치다,14
151,이곡,14
152,보고,14
153,함,14
154,시간,14
155,스물,14
156,사라지다,13
157,제일,13
158,얼마만큼,13
159,앨범,13
160,음악,13
161,바람,13
162,대단하다,13
163,우리,13
164,거의,13
165,무섭다,12
166,띵곡,12
167,봄날,12
168,해,12
169,동네,12
170,장봄준,12
171,온,12
172,들리다,12
173,나가다,12
174,벛꽃,12
175,마음,12
176,찾아오다,12
177,넌,12
178,기다리다,12
179,좋아하다,12
180,살아나다,12
181,정도,12
182,냄새,11
183,내다,11
184,어떻다,11
185,멜로디,11
186,젠,11
187,많다,11
188,게,11
189,내년,11
190,항상,11
191,피,11
192,꼭,11
193,얼마,11
194,년도,10
195,갑자기,10
196,맞다,10
197,궁금하다,10
198,기억,10
199,하나,10
200,행복하다,10
201,최초,10
202,질리다,10
203,따다,10
204,밤,10
205,먹다,10
206,이유,10
207,고,10
208,만,9
209,걸다,9
210,들려주다,9
211,없어지다,9
212,어디,9
213,지다,9
214,봄바람,9
215,점점,9
216,전,9
217,목소리,9
218,평생,9
219,짱,9
220,쯤,9
221,난,9
222,여전하다,9
223,여름,9
224,보이다,9
225,찍다,9
226,부분,9
227,부르다,9
228,알,9
229,들어가다,8
230,레전드,8
231,헐다,8
232,목련,8
233,놀다,8
234,잎,8
235,듣기,8
236,그립다,8
237,먼저,8
238,송,8
239,봄봄봄,8
240,느껴지다,8
241,수준,8
242,진심,8
243,뜨다,8
244,나무,8
245,돋다,8
246,틀다,8
247,표현,8
248,어울리다,7
249,흩날리다,7
250,배드민턴,7
251,밤꽃,7
252,옴,7
253,스무살,7
254,우리나라,7
255,나중,7
256,해도,7
257,요즘,7
258,소름,7
259,못,7
260,군대,7
261,주다,7
262,받다,7
263,검색,7
264,가장,7
265,도,7
266,단대,7
267,속,7
268,하자,7
269,안되다,7
270,서다,7
271,풀리다,7
272,똑같다,7
273,사랑,7
274,이쯤,7
275,소리,7
276,안남다,7
277,이형,7
278,끝나다,7
279,갈다,7
280,야하다,7
281,인하다,7
282,스,7
283,늘다,7
284,영화,6
285,시기,6
286,캐롤,6
287,오,6
288,타,6
289,누르다,6
290,새롭다,6
291,벗꽃,6
292,초딩,6
293,요,6
294,짐,6
295,버리다,6
296,이기다,6
297,다음,6
298,떠올리다,6
299,버스,6
300,대표,6
301,부럽다,6
302,애,6
303,어도,6
304,뒤,6
305,다가오다,6
306,타고,6
307,입춘,6
308,대다,6
309,추다,6
310,상위,6
311,벌다,6
312,개띵곡,6
313,잊다,6
314,작년,6
315,뭔가,6
316,실시간,6
317,첫,6
318,바다,6
319,돈,6
320,이상하다,6
321,인정,6
322,대학,5
323,모든,5
324,사실,5
325,떡,5
326,후,5
327,갓,5
328,축제,5
329,한국,5
330,전설,5
331,벚꽃놀이,5
332,음,5
333,이르다,5
334,치자,5
335,가을,5
336,들어주다,5
337,따스하다,5
338,올리다,5
339,들려오다,5
340,하루,5
341,웃다,5
342,드리다,5
343,축하,5
344,반갑다,5
345,치다,5
346,밖,5
347,안녕,5
348,땜,5
349,명반,5
350,연간,5
351,간다,5
352,연상,5
353,건,5
354,여수,5
355,구경,5
356,등,5
357,대체,5
358,머,5
359,모습,5
360,동안,5
361,얘,5
362,탑,5
363,전주,5
364,걸,5
365,단,5
366,순간,5
367,자,5
368,쩐다,5
369,떨어지다,5
370,댓글,5
371,현재,5
372,비다,5
373,보내다,5
374,컴백,5
375,세상,5
376,민요,5
377,놓다,5
378,바로,5
379,부활,5
380,솔직하다,5
381,후손,5
382,맛있다,5
383,좋아지다,5
384,막,5
385,틀,5
386,형,5
387,혼자,5
388,시절,5
389,감성,5
390,일간,5
391,도입,5
392,대한민국,5
393,주,5
394,헤어지다,5
395,친구,5
396,호수,5
397,남자,4
398,하나로,4
399,이면,4
400,기어,4
401,밉다,4
402,개수,4
403,용,4
404,잊혀지다,4
405,대학교,4
406,플레이,4
407,예쁘다,4
408,막다,4
409,깨어나다,4
410,밥,4
411,겠다,4
412,비,4
413,무조건,4
414,기상청,4
415,정확하다,4
416,부,4
417,덕분,4
418,밑,4
419,벚태식,4
420,불면,4
421,태식,4
422,슬,4
423,상징,4
424,살다,4
425,대학생,4
426,손잡다,4
427,와우,4
428,열다,4
429,각,4
430,잇다,4
431,준비,4
432,여러분,4
433,슬금슬금,4
434,형님,4
435,코코,4
436,생활,4
437,만나다,4
438,울리다,4
439,영원하다,4
440,일단,4
441,앞,4
442,예상,4
443,아마,4
444,지나가다,4
445,명,4
446,캠퍼스,4
447,빠르다,4
448,남자친구,4
449,일,4
450,이상,4
451,무한,4
452,국민,4
453,개다,4
454,여,4
455,리스트,4
456,추가,4
457,세월,4
458,훗날,4
459,그대로,4
460,들어서다,4
461,로만,4
462,보,4
463,수능,4
464,벗다,4
465,춘분,4
466,거기,4
467,싫다,4
468,줄,4
469,눈물,4
470,넣다,4
471,노랗다,4
472,혹시,4
473,길거리,4
474,감사하다,4
475,차,4
476,학교,4
477,너,4
478,가면,4
479,눈물나다,4
480,읍,4
481,구나,4
482,달,4
483,늦다,4
484,그리다,4
485,개인,4
486,잔,4
487,눈,4
488,얼마나,4
489,한송이,4
490,커피,4
491,감정,4
492,쓰다,4
493,앗,4
494,봄임,3
495,옛날,3
496,소식,3
497,흘러가다,3
498,딱이다,3
499,무슨,3
500,버,3
501,며칠,3
502,꽃샘추위,3
503,준,3
504,아빠,3
505,분명,3
506,완전,3
507,높다,3
508,어리다,3
509,중학생,3
510,뻔,3
511,확,3
512,큐,3
513,뿐,3
514,부산,3
515,만큼,3
516,슬프다,3
517,채,3
518,짧아지다,3
519,실버,3
520,모두,3
521,쩔다,3
522,로,3
523,웃기다,3
524,클라스,3
525,아쉽다,3
526,영,3
527,벜벜,3
528,어쩜,3
529,이후,3
530,작곡,3
531,캐럴,3
532,다른,3
533,연애,3
534,겹,3
535,자꾸,3
536,니,3
537,반복,3
538,울렁이다,3
539,나가야,3
540,두근거리다,3
541,음원,3
542,기운,3
543,해보다,3
544,말로,3
545,누가,3
546,새,3
547,괴물,3
548,인기,3
549,수가,3
550,쌀쌀하다,3
551,얼른,3
552,늘,3
553,공식,3
554,스트리밍,3
555,돌아가다,3
556,청춘,3
557,섭섭하다,3
558,증거,3
559,생기다,3
560,발매,3
561,아아,3
562,데이트,3
563,당연하다,3
564,은,3
565,위가즈,3
566,님들,3
567,젤,3
568,초,3
569,조금,3
570,찾아듣다,3
571,매번,3
572,꾸준하다,3
573,분위기,3
574,십년,3
575,오기,3
576,살,3
577,틀어주다,3
578,꽃놀이,3
579,내일,3
580,아련하다,3
581,급,3
582,창문,3
583,적,3
584,반주,3
585,예전,3
586,지구온난화,3
587,맘,3
588,서운하다,3
589,먹고살다,3
590,신나다,3
591,사귀다,3
592,신드롬,3
593,당신,3
594,죽지,3
595,피고,3
596,마냥,3
597,네버엔딩,3
598,여기,3
599,이군,3
600,책,3
601,만해,3
602,한겨울,3
603,나타나다,3
604,건가,3
605,학번,3
606,쭉쭉,3
607,새내기,3
608,덜,3
609,볼,3
610,만하,3
611,위로,3
612,지겹다,3
613,가지다,3
614,내려가다,3
615,타다,3
616,감사,3
617,등장,3
618,자연,3
619,마법,3
620,순수하다,3
621,법,3
622,저,3
623,결혼,3
624,파이팅,3
625,공무원,3
626,분,3
627,서울,3
628,데,3
629,향기,3
630,화이팅,3
631,실,3
632,제대로,3
633,업다,3
634,공부,3
635,이만,3
636,연인,3
637,교과서,3
638,가수,3
639,문득,3
640,보험,3
641,티비,3
642,딸,3
643,추천,3
644,뛰다,3
645,남친,3
646,비슷하다,3
647,학년,3
648,쏠,3
649,유일하다,3
650,확인,3
651,가요,2
652,여친,2
653,아웃,2
654,자수,2
655,힘들다,2
656,시국,2
657,천재,2
658,허전하다,2
659,여기다,2
660,도덕,2
661,부정,2
662,넘기다,2
663,회상,2
664,민주화,2
665,이야기,2
666,장,2
667,방송,2
668,위엄,2
669,소름끼치다,2
670,낮,2
671,달달,2
672,지구,2
673,슬금,2
674,몰려오다,2
675,유독,2
676,다음주,2
677,고프다,2
678,창,2
679,약속,2
680,구석,2
681,방,2
682,봄끝,2
683,날리다,2
684,편하다,2
685,수도,2
686,호강,2
687,조,2
688,도대체,2
689,지난,2
690,세대,2
691,이해,2
692,휘,2
693,아들,2
694,엑소,2
695,흐르다,2
696,이쁘다,2
697,일기예보,2
698,멀다,2
699,지고,2
700,사과,2
701,인생,2
702,그치다,2
703,흠칫,2
704,새벽,2
705,여자친구,2
706,캐리,2
707,라이어,2
708,조만간,2
709,베댓,2
710,오오오,2
711,맥,2
712,떼창,2
713,크리,2
714,진정하다,2
715,지리다,2
716,꽃감,2
717,전역,2
718,필때,2
719,설레임,2
720,예리밴드,2
721,산책,2
722,벚나무,2
723,라디오,2
724,흐,2
725,띠,2
726,스밍,2
727,더디다,2
728,떳다,2
729,다녀오다,2
730,귀가,2
731,보이,2
732,망하다,2
733,나이,2
734,마다,2
735,필,2
736,땜시,2
737,매일,2
738,부터,2
739,아저씨,2
740,막히다,2
741,봄맞이,2
742,버블,2
743,소풍,2
744,당장,2
745,되었쥬,2
746,넘사벽,2
747,데이,2
748,화이트,2
749,신분,2
750,주년,2
751,기적,2
752,꽃피,2
753,영어,2
754,복귀,2
755,랜,2
756,끄다,2
757,귀엽다,2
758,아이유,2
759,걔,2
760,터지다,2
761,추워지다,2
762,무렵,2
763,금,2
764,나서다,2
765,통합,2
766,벛태식,2
767,많아지다,2
768,대의,2
769,각자,2
770,금보,2
771,오히려,2
772,구래,2
773,힘드다,2
774,띵작,2
775,줌,2
776,대여,2
777,꿀,2
778,가사도,2
779,가야,2
780,최대,2
781,반,2
782,신병,2
783,환상,2
784,입,2
785,흥얼거리다,2
786,겁니다,2
787,왓,2
788,돌파,2
789,충분하다,2
790,햇살,2
791,그려지다,2
792,생활관,2
793,여자,2
794,버티다,2
795,부탁드리다,2
796,내주다,2
797,걸어가다,2
798,달뒤,2
799,인지,2
800,꽂다,2
801,발,2
802,꼬시,2
803,달래다,2
804,캬,2
805,군항제,2
806,피지,2
807,수금,2
808,드럽다,2
809,글,2
810,업,2
811,안나,2
812,가득,2
813,곁,2
814,초반,2
815,효자,2
816,벚,2
817,런가,2
818,거지같다,2
819,우울하다,2
820,묻다,2
821,적다,2
822,미래,2
823,남,2
824,된거,2
825,큭큭,2
826,재호,2
827,상승,2
828,대한,2
829,풋풋하다,2
830,말다,2
831,의미,2
832,에바,2
833,조심하다,2
834,스멀,2
835,점심시간,2
836,영차,2
837,어째서,2
838,상쾌하다,2
839,애인,2
840,제발,2
841,노무,2
842,알리다,2
843,군,2
844,머리,2
845,긴장,2
846,노랜,2
847,넘쥬,2
848,밟다,2
849,출첵,2
850,낮다,2
851,시적,2
852,충격,2
853,머릿속,2
854,아침,2
855,수록,2
856,맘때,2
857,절대,2
858,가능,2
859,그림,2
860,힐링,2
861,포근하다,2
862,스믈스믈,2
863,장르,2
864,춥다,2
865,찾아보다,2
866,달다,2
867,아파트,2
868,향기롭다,2
869,굿굿굿,2
870,라나,2
871,왓다,2
872,무,2
873,어서,2
874,오늘날,2
875,찍,2
876,새록새록,2
877,오라,2
878,박,2
879,성시경,2
880,넹,2
881,수저,2
882,기타,2
883,시험,2
884,가능하다,2
885,유희열,2
886,공감,2
887,고려시대,2
888,미리,2
889,만기일,2
890,중독,2
891,해지니,2
892,유행,2
893,감상,2
894,둘,2
895,공기,2
896,몇번,2
897,매력,2
898,대리,2
899,탓,2
900,제,2
901,안좋다,2
902,수학여행,2
903,여행가,2
904,인증,2
905,새다,2
906,믈,2
907,목록,2
908,보물섬,2
909,영상,2
910,사계절,2
911,랭킹,2
912,동시,2
913,알람,2
914,파일,2
915,엄마,2
916,지역,2
917,행,2
918,엊그제,2
919,전체,2
920,사재기,2
921,지도,2
922,산들,2
923,시키다,2
924,리가,2
925,쌤,2
926,선,2
927,나들이,2
928,웃음,2
929,챠트,2
930,자전거,2
931,터널,2
932,역사,2
933,겁나다,2
934,강성욱,2
935,제목,2
936,왓네,2
937,기세,2
938,재미,2
939,뜻,2
940,애국가,2
941,길터,2
942,기쁘다,2
943,앉다,2
944,상상,2
945,오후,2
946,하늘,2
947,검색어,2
948,근혜,2
949,가나,2
950,덜덜,2
951,긋다,2
952,흥,2
953,성지순례,2
954,신입생,2
955,움,2
956,굿,2
957,자식,2
958,겨,2
959,엠넷,2
960,님,2
961,끼다,2
962,지우다,2
963,꽃길,2
964,쭉,2
965,신,2
966,작사,2
967,조물,2
968,줄어드,2
969,아무,2
970,그룹,2
971,재밌다,2
972,마치,2
973,편곡,2
974,장창,2
975,땐,2
976,벌,2
977,찌다,2
978,블랙,2
979,초등학생,2
980,가족,2
981,황사,2
982,따르다,2
983,데리다,2
984,일병,2
985,어느새다,2
986,갑,2
987,찾기,2
988,고맙다,2
989,담다,2
990,세,1
991,금송,1
992,며,1
993,역대,1
994,웬일,1
995,가로등,1
996,첫날,1
997,최강,1
998,로움,1
999,범,1
1000,운동,1
1001,등재,1
1002,사르르,1
1003,청각장애,1
1004,출동,1
1005,댕기,1
1006,오름,1
1007,홀린,1
1008,듯이,1
1009,서든,1
1010,노년,1
1011,미래세,1
1012,있넹,1
1013,올려주다,1
1014,저기,1
1015,몇,1
1016,흐리다,1
1017,파랗다,1
1018,전국,1
1019,중금속,1
1020,최,1
1021,상명대,1
1022,절,1
1023,고개,1
1024,빠지다,1
1025,린다,1
1026,맑다,1
1027,그날,1
1028,잠시,1
1029,슈돌,1
1030,라오,1
1031,아랄,1
1032,전무후무,1
1033,맑은,1
1034,미련,1
1035,요가,1
1036,상실케,1
1037,삶,1
1038,서러움,1
1039,의지,1
1040,바뀌다,1
1041,버는거,1
1042,비투비,1
1043,간절하다,1
1044,엔터씩스,1
1045,아련터져,1
1046,강변,1
1047,허다,1
1048,휩쓸다,1
1049,안해,1
1050,명소,1
1051,천안,1
1052,연장,1
1053,방탄소년단,1
1054,제격,1
1055,숴,1
1056,조합,1
1057,지나치다,1
1058,나이스,1
1059,만병통치약,1
1060,중반,1
1061,그녀,1
1062,필수,1
1063,게뭐,1
1064,재,1
1065,이바람,1
1066,깔다,1
1067,흗,1
1068,역사상,1
1069,금방,1
1070,드라이브,1
1071,개뭐,1
1072,봄철,1
1073,과일,1
1074,고백,1
1075,존경,1
1076,요새,1
1077,뺏다,1
1078,약하다,1
1079,열흘,1
1080,극복,1
1081,원래,1
1082,곳곳,1
1083,또또,1
1084,잠깐,1
1085,가가,1
1086,상,1
1087,이남,1
1088,해짐,1
1089,이등병,1
1090,거나,1
1091,광보,1
1092,설레넹,1
1093,하,1
1094,방탄,1
1095,불,1
1096,대중,1
1097,확실하다,1
1098,픽,1
1099,썸,1
1100,데일,1
1101,흘리다,1
1102,한창,1
1103,장애,1
1104,킹,1
1105,식이,1
1106,안다,1
1107,핀걸,1
1108,가게,1
1109,고해,1
1110,오프닝,1
1111,버닝중,1
1112,점,1
1113,위해,1
1114,중학교,1
1115,시청,1
1116,환영,1
1117,수련,1
1118,회,1
1119,활동,1
1120,교관,1
1121,가시,1
1122,이서,1
1123,빠,1
1124,삭,1
1125,못봣,1
1126,언빌리,1
1127,캠,1
1128,흑우,1
1129,려,1
1130,다니다,1
1131,교가,1
1132,장면,1
1133,단어,1
1134,교정,1
1135,일학년,1
1136,자자손손,1
1137,개취,1
1138,회사,1
1139,싱숭생숭하다,1
1140,고통,1
1141,바쁘다,1
1142,롤,1
1143,맞이,1
1144,히트치다,1
1145,몇몇,1
1146,나쁘다,1
1147,갠,1
1148,이발,1
1149,거품,1
1150,글피,1
1151,피엇구,1
1152,전부,1
1153,관광지,1
1154,탄핵,1
1155,하락,1
1156,계단,1
1157,벛꽃엔딩,1
1158,이정,1
1159,신앙,1
1160,원,1
1161,공,1
1162,뭘,1
1163,비결,1
1164,거들다,1
1165,접근,1
1166,다지다,1
1167,발판,1
1168,높이,1
1169,기대,1
1170,동영상,1
1171,잔디,1
1172,옆,1
1173,소환,1
1174,놀랍다,1
1175,견디다,1
1176,인연,1
1177,만연하다,1
1178,한파,1
1179,지남,1
1180,궁금,1
1181,지리,1
1182,취업,1
1183,하이패스,1
1184,면접,1
1185,생기,1
1186,므믈스믈,1
1187,사학,1
1188,국민연금,1
1189,온건,1
1190,미쳣,1
1191,희다,1
1192,년뒤,1
1193,개구,1
1194,놀래다,1
1195,분수,1
1196,별로,1
1197,황금알,1
1198,여윽시,1
1199,즈음,1
1200,피기,1
1201,수위,1
1202,영향,1
1203,이미지,1
1204,곧다,1
1205,누르기,1
1206,닫다,1
1207,더워지다,1
1208,스포,1
1209,위거,1
1210,예언,1
1211,이상은,1
1212,이용자,1
1213,삼십만,1
1214,눈앞,1
1215,바라다,1
1216,불문,1
1217,지원,1
1218,괜시리,1
1219,셋,1
1220,화음,1
1221,어쩐지,1
1222,공원,1
1223,놀라다,1
1224,꽃망울,1
1225,비틀즈,1
1226,씨,1
1227,등수,1
1228,보고오다,1
1229,하드,1
1230,실감,1
1231,유튭,1
1232,벛꽃연금,1
1233,닭살,1
1234,후문,1
1235,산다,1
1236,버셨다,1
1237,억,1
1238,복권,1
1239,고삼,1
1240,한반도,1
1241,강타,1
1242,선실,1
1243,세다,1
1244,노래레,1
1245,파트,1
1246,진,1
1247,힝,1
1248,노,1
1249,돌다,1
1250,대면,1
1251,지나,1
1252,살아오다,1
1253,깡패,1
1254,시대,1
1255,귀신,1
1256,역쉬,1
1257,킬러,1
1258,심심,1
1259,메일,1
1260,옮기다,1
1261,딱좋다,1
1262,뮤직,1
1263,몽환,1
1264,음색,1
1265,깜짝,1
1266,운,1
1267,버터,1
1268,약간,1
1269,발라드,1
1270,벚곷,1
1271,우왕,1
1272,범띠,1
1273,갯수,1
1274,앤딩,1
1275,범주,1
1276,놀람,1
1277,멋지다,1
1278,전율,1
1279,몸,1
1280,픈,1
1281,별표,1
1282,히트,1
1283,위함,1
1284,신곡,1
1285,네이버,1
1286,하니,1
1287,스타,1
1288,살기,1
1289,절도,1
1290,카드,1
1291,티,1
1292,엔시,1
1293,이루어지다,1
1294,주위,1
1295,경배,1
1296,제왕,1
1297,느님,1
1298,실어,1
1299,적당하다,1
1300,로또,1
1301,흐오어엉,1
1302,수험셍,1
1303,연락,1
1304,이글,1
1305,만기,1
1306,안타깝다,1
1307,체리,1
1308,요호,1
1309,페북,1
1310,봄비,1
1311,화제,1
1312,커버,1
1313,달안,1
1314,존,1
1315,레알,1
1316,이롭다,1
1317,경,1
1318,따봉스,1
1319,최근,1
1320,질리,1
1321,덜다,1
1322,로이킴,1
1323,저가,1
1324,금수,1
1325,의문,1
1326,풍습,1
1327,여겨지다,1
1328,현상,1
1329,자동,1
1330,음성,1
1331,보더,1
1332,맨,1
1333,씹다,1
1334,질주,1
1335,가보,1
1336,연금복권,1
1337,훅훅,1
1338,바야흐로,1
1339,추움,1
1340,재등장,1
1341,믿다,1
1342,전생,1
1343,크롤,1
1344,신다,1
1345,했넹,1
1346,역전,1
1347,기,1
1348,간절,1
1349,챙기다,1
1350,외투,1
1351,안보,1
1352,칸,1
1353,성큼성큼,1
1354,청산별곡,1
1355,식다,1
1356,소가,1
1357,실검,1
1358,켜다,1
1359,위협,1
1360,렬루,1
1361,복임,1
1362,눈부시다,1
1363,그다음,1
1364,선샤인,1
1365,댐,1
1366,명작,1
1367,교차,1
1368,다중,1
1369,이처럼,1
1370,가득하다,1
1371,사랑스럽다,1
1372,엮,1
1373,복잡하다,1
1374,입다,1
1375,가볍다,1
1376,기억나다,1
1377,벛꽃들,1
1378,언급,1
1379,몽글하다,1
1380,눕다,1
1381,짧다,1
1382,필요하다,1
1383,들뜨다,1
1384,먼지,1
1385,저절로,1
1386,컹,1
1387,알림,1
1388,벛꽃좀비,1
1389,줄평,1
1390,군복무,1
1391,아리랑,1
1392,음악인,1
1393,김동률,1
1394,거위,1
1395,낳다,1
1396,이름,1
1397,종,1
1398,헤,1
1399,매,1
1400,거러용,1
1401,두리,1
1402,조앙,1
1403,기해,1
1404,세련되다,1
1405,관리,1
1406,통장,1
1407,때안뙜,1
1408,저작권,1
1409,때리다,1
1410,갇히다,1
1411,힘내다,1
1412,합,1
1413,물들다,1
1414,또오셧네,1
1415,본격,1
1416,각설이,1
1417,도래,1
1418,슈가,1
1419,찌,1
1420,콘서트,1
1421,해마,1
1422,경축,1
1423,해안,1
1424,블리,1
1425,제대,1
1426,브래드,1
1427,메리크리스마스,1
1428,박효신,1
1429,십오,1
1430,빨,1
1431,팬덤,1
1432,야생화,1
1433,제외,1
1434,아이돌,1
1435,연속,1
1436,아이스크림,1
1437,벤치,1
1438,근무,1
1439,맞추다,1
1440,왕,1
1441,아악,1
1442,두번째,1
1443,대기,1
1444,주안,1
1445,약,1
1446,위곡입,1
1447,저편,1
1448,급하다,1
1449,폰,1
1450,띤,1
1451,미르,1
1452,짓다,1
1453,자기,1
1454,사이,1
1455,줄어들다,1
1456,느리다,1
1457,속도,1
1458,야호,1
1459,댜,1
1460,차오르다,1
1461,벜부심,1
1462,추카,1
1463,다가,1
1464,공차,1
1465,좋케따,1
1466,종일,1
1467,다나,1
1468,그땔,1
1469,징,1
1470,산뜻하다,1
1471,대신,1
1472,쟈,1
1473,줄다,1
1474,갈구다,1
1475,내무반,1
1476,땃,1
1477,아련,1
1478,련,1
1479,직,1
1480,놈,1
1481,활,1
1482,코인,1
1483,예,1
1484,구낭,1
1485,셧다,1
1486,자마자,1
1487,신호,1
1488,상기,1
1489,방기,1
1490,싱,1
1491,시점,1
1492,꽤,1
1493,감기,1
1494,빌딩,1
1495,스루스루,1
1496,기준,1
1497,햇빛,1
1498,기다,1
1499,다르다,1
1500,아래,1
1501,스리,1
1502,캬아아,1
1503,여기저기,1
1504,역다,1
1505,추위,1
1506,시베리아,1
1507,대화,1
1508,뒤집어지다,1
1509,건축학개론,1
1510,음반,1
1511,블랙데이,1
1512,뒤늦다,1
1513,향,1
1514,가끔,1
1515,햄버거,1
1516,사주다,1
1517,스타일,1
1518,시조,1
1519,홀로,1
1520,괴리속,1
1521,현실,1
1522,사그라들다,1
1523,여물,1
1524,귀,1
1525,간지럽다,1
1526,오신,1
1527,이지,1
1528,선거일,1
1529,우리동네,1
1530,풍경,1
1531,습관,1
1532,딱지,1
1533,붙이다,1
1534,차지,1
1535,맡다,1
1536,귀로,1
1537,김,1
1538,베다,1
1539,칫,1
1540,영재,1
1541,개념,1
1542,헛,1
1543,진물,1
1544,깊다,1
1545,집다,1
1546,깃,1
1547,보릴,1
1548,식상하다,1
1549,어색하다,1
1550,선거,1
1551,뒤지다,1
1552,만족하다,1
1553,맛집,1
1554,달콤하다,1
1555,중요하다,1
1556,게이,1
1557,자주,1
1558,곳,1
1559,커플,1
1560,발가락,1
1561,지옥,1
1562,기르다,1
1563,알차다,1
1564,천국,1
1565,본적,1
1566,슈,1
1567,짜다,1
1568,쉬바,1
1569,슈스케,1
1570,잠자다,1
1571,그루만,1
1572,불후의명곡,1
1573,극딜,1
1574,더불다,1
1575,격리,1
1576,자가,1
1577,뻔데기,1
1578,탕,1
1579,기도,1
1580,팬,1
1581,도혜,1
1582,방금,1
1583,족,1
1584,풋풋,1
1585,음질,1
1586,인터넷,1
1587,정식,1
1588,를,1
1589,멜랑꼴리,1
1590,조용하다,1
1591,헝클어트리다,1
1592,사다,1
1593,벚꽂필땐,1
1594,널,1
1595,별빛,1
1596,설마,1
1597,심다,1
1598,체육,1
1599,대중픽,1
1600,저희,1
1601,모시다,1
1602,늘어나다,1
1603,아깝다,1
1604,따리,1
1605,생겨나다,1
1606,종강,1
1607,처럼,1
1608,아주,1
1609,바깥,1
1610,뇨,1
1611,또왔넹,1
1612,슬근슬금,1
1613,불가,1
1614,지치다,1
1615,스푼,1
1616,한텐,1
1617,띵곡운,1
1618,간만,1
1619,발동,1
1620,갱신,1
1621,무관,1
1622,날아다니다,1
1623,더하다,1
1624,듣긔,1
1625,나완,1
1626,닷,1
1627,묘,1
1628,거지,1
1629,돌려주다,1
1630,아연,1
1631,밀리다,1
1632,목,1
1633,뭐시기,1
1634,분업,1
1635,테디,1
1636,셀러,1
1637,다행,1
1638,트렌디,1
1639,꽃송,1
1640,닭,1
1641,드르,1
1642,이오,1
1643,봄무,1
1644,땅,1
1645,봄스커봄스커,1
1646,젭알,1
1647,만족,1
1648,썸녀,1
1649,이병헌,1
1650,리릭,1
1651,흔들리다,1
1652,떨다,1
1653,밀림,1
1654,응원,1
1655,판테온,1
1656,신인,1
1657,끝내주다,1
1658,즐기다,1
1659,에나,1
1660,뚝,1
1661,감동,1
1662,범실,1
1663,한정,1
1664,걱정,1
1665,내내,1
1666,만우절,1
1667,푸르름,1
1668,뜨뜻하다,1
1669,지인,1
1670,돌보다,1
1671,그땐,1
1672,흐규흐규,1
1673,종성,1
1674,외계인,1
1675,벨소리,1
1676,담임,1
1677,울,1
1678,떼,1
1679,해채,1
1680,짤렸구,1
1681,개학,1
1682,쩔어요,1
1683,운전,1
1684,핫,1
1685,유튜브,1
1686,소속사,1
1687,넘어가다,1
1688,리얼리,1
1689,이즈,1
1690,바이브,1
1691,레이,1
1692,션,1
1693,비상,1
1694,각성,1
1695,대호수,1
1696,꼴통,1
1697,제아,1
1698,포기,1
1699,삼촌,1
1700,훔치다,1
1701,숙모,1
1702,나른하다,1
1703,뜯다,1
1704,삥,1
1705,담배,1
1706,오토바이,1
1707,패싸움,1
1708,진정,1
1709,사촌동생,1
1710,마이,1
1711,첫사랑,1
1712,대감,1
1713,모니카,1
1714,노랫말,1
1715,삐었구,1
1716,기모찌,1
1717,고기,1
1718,퇴근,1
1719,시그널,1
1720,집콕,1
1721,시들다,1
1722,신선하다,1
1723,어,1
1724,모태솔로,1
1725,보시,1
1726,그램,1
1727,따땃해,1
1728,하이,1
1729,달려오다,1
1730,버스킹,1
1731,열정,1
1732,아픔,1
1733,일요일,1
1734,악플,1
1735,나르다,1
1736,이분,1
1737,무조,1
1738,흠,1
1739,개조,1
1740,설랜다,1
1741,민중화,1
1742,보기,1
1743,유감,1
1744,들렷어,1
1745,배경음악,1
1746,피어,1
1747,아카시아,1
1748,색깔,1
1749,꿈,1
1750,정시,1
1751,면서,1
1752,정,1
1753,늦가을,1
1754,자고,1
1755,소중하다,1
1756,솔,1
1757,꺼내다,1
1758,대칭,1
1759,멋있다,1
1760,개쩌는듯,1
1761,못지않다,1
1762,마약,1
1763,워낙,1
1764,쎄다,1
1765,서원,1
1766,의과대학,1
1767,서울대학교,1
1768,펜,1
1769,클래식,1
1770,커피한잔,1
1771,리그,1
1772,반하다,1
1773,특유,1
1774,흐규흑,1
1775,스멜,1
1776,넘버원,1
1777,첨부,1
1778,달려가다,1
1779,유니크,1
1780,핵핵핵,1
1781,캐,1
1782,오브,1
1783,씁쓸하다,1
1784,간주,1
1785,필요없다,1
1786,주제곡,1
1787,챔피언십,1
1788,월드,1
1789,초코송이,1
1790,더더,1
1791,용이,1
1792,두,1
1793,남매,1
1794,최적화,1
1795,졸라,1
1796,마트,1
1797,길가,1
1798,병신,1
1799,고양이,1
1800,타요,1
1801,구독,1
1802,오래되다,1
1803,꿀잼,1
1804,정민수,1
1805,웅장,1
1806,가슴,1
1807,공유,1
1808,아주머니,1
1809,끼리,1
1810,링크,1
1811,호홍홍,1
1812,골드,1
1813,정지우,1
1814,함듬,1
1815,리듬,1
1816,로디,1
1817,매다,1
1818,편지,1
1819,선생님,1
1820,이지연,1
1821,온도,1
1822,호호,1
1823,잏,1
1824,밀당,1
1825,덴,1
1826,덤,1
1827,마힘,1
1828,킹스,1
1829,거치다,1
1830,피우다,1
1831,틀어박히다,1
1832,가보다,1
1833,벚꼿,1
1834,완벽하다,1
1835,읽다,1
1836,공연,1
1837,사람과,1
1838,대구,1
1839,지역별,1
1840,진주,1
1841,가깝다,1
1842,위인,1
1843,저번,1
1844,이기,1
1845,무시무시하다,1
1846,메인,1
1847,지긋지긋하다,1
1848,연어,1
1849,뜨끔하다,1
1850,버렀,1
1851,결론,1
1852,코앞,1
1853,기간,1
1854,급상승,1
1855,난리,1
1856,수험생,1
1857,미묘하다,1
1858,지내다,1
1859,콧소리,1
1860,암울하다,1
1861,고생,1
1862,스케치북,1
1863,네버,1
1864,잡다,1
1865,꽉,1
1866,울산,1
1867,지방,1
1868,행복,1
1869,잘맞다,1
1870,슬그머니,1
1871,통과의례,1
1872,꽃잎,1
1873,촌스럽다,1
1874,누군가,1
1875,넘치다,1
1876,과제,1
1877,마,1
1878,말차,1
1879,이란,1
1880,때즘,1
1881,촐싹대다,1
1882,도와주다,1
1883,멸종,1
1884,피볌,1
1885,틀림,1
1886,수혜자,1
1887,불후,1
1888,더욱,1
1889,본인,1
1890,아티스트,1
1891,이세,1
1892,하루하루,1
1893,전혀,1
1894,예기,1
1895,증말,1
1896,크리스마스,1
1897,흐흐,1
1898,머리카락,1
1899,가성,1
1900,몰아치다,1
1901,봄길,1
1902,성스럽다,1
1903,인물,1
1904,꽃핀봄,1
1905,자리,1
1906,창가,1
1907,출근,1
1908,지니,1
1909,정설,1
1910,학계,1
1911,엄청나다,1
1912,촘비,1
1913,슈트라우스,1
1914,뛔에에,1
1915,일종,1
1916,워워,1
1917,얄리얄라셩,1
1918,대학입시,1
1919,천년,1
1920,고려가요,1
1921,재다,1
1922,휘날릘,1
1923,학습,1
1924,어이없다,1
1925,따위,1
1926,눈덩이,1
1927,일리,1
1928,는걸,1
1929,얼다,1
1930,중간,1
1931,후렴구,1
1932,쓴다,1
1933,이어지다,1
1934,먹꼰니피,1
1935,물어보다,1
1936,박히다,1
1937,감흥,1
1938,식,1
1939,스밍목록,1
1940,만이,1
1941,단둘,1
1942,써다,1
1943,인파,1
1944,청곡,1
1945,기상,1
1946,질순,1
1947,존심,1
1948,던데,1
1949,쓸다,1
1950,그로,1
1951,죽다,1
1952,인,1
1953,관짝,1
1954,과거,1
1955,별,1
1956,연도,1
1957,순,1
1958,환갑,1
1959,인천,1
1960,개화,1
1961,승부,1
1962,후반,1
1963,배알,1
1964,십대,1
1965,서툴다,1
1966,핀곳,1
1967,품다,1
1968,색,1
1969,가지,1
1970,왈츠,1
1971,감,1
1972,꼴리다,1
1973,싸다,1
1974,쥐,1
1975,일상생활,1
1976,모이다,1
1977,독서실,1
1978,생생하다,1
1979,행사,1
1980,연례,1
1981,행차,1
1982,실실,1
1983,뚜렸했던,1
1984,극상,1
1985,따라오다,1
1986,살때,1
1987,개발,1
1988,백신,1
1989,주르륵,1
1990,뿐이다,1
1991,무언가,1
1992,참다,1
1993,상큼,1
1994,날다,1
1995,줄기차다,1
1996,스고이,1
1997,향수병,1
1998,걸리다,1
1999,마스크,1
2000,왔넹,1
2001,쫓다,1
2002,이제야,1
2003,흔꽃샴향,1
2004,어림없다,1
2005,진리,1
2006,일만,1
2007,분노의질주,1
2008,수직,1
2009,셧,1
2010,대학시절,1
2011,만발,1
2012,허가,1
2013,이사오,1
2014,부다,1
2015,때됫,1
2016,예감,1
2017,선물,1
2018,사탕,1
2019,자정,1
2020,떨리다,1
2021,여행,1
2022,오늘이,1
2023,겄,1
2024,탁하다,1
2025,마지막,1
2026,운지,1
2027,추,1
2028,당기다,1
2029,점심,1
2030,기전,1
2031,서서히,1
2032,되찾다,1
2033,빼앗기다,1
2034,살랑대다,1
2035,판이,1
2036,치트키,1
2037,남기다,1
2038,답글좀,1
2039,아쉬움,1
2040,신청,1
2041,상황,1
2042,성지글,1
2043,전의,1
2044,소득,1
2045,출현,1
2046,불어,1
2047,연봉,1
2048,딩가딩,1
2049,딩,1
2050,꽃씨,1
2051,아련터,1
2052,고정,1
2053,꺾다,1
2054,무겁다,1
2055,두잡짜루,1
2056,값,1
2057,스킨,1
2058,됫,1
2059,쏘다,1
2060,째다,1
2061,산타,1
2062,출격,1
2063,전령,1
2064,놀랫다,1
2065,사도,1
2066,라라,1
2067,넿,1
2068,루루,1
2069,떠나다,1
2070,타라,1
2071,한가운데,1
2072,화이트데이,1
2073,공교롭,1
2074,패,1
2075,회관,1
2076,귤,1
2077,전기장판,1
2078,부탁,1
2079,계산,1
2080,기계로,1
2081,애초,1
2082,동기,1
2083,학생,1
2084,과연,1
2085,조회,1
2086,선선,1
2087,이모,1
2088,스마트폰,1
2089,자동차,1
2090,벛꽃사,1
2091,력시,1
2092,까먹다,1
2093,달도,1
2094,누구,1
2095,뮤비,1
2096,사고,1
2097,성,1
2098,환하다,1
2099,박형식,1
2100,취야밈,1
2101,손녀,1
2102,얘기,1
2103,시간여행,1
2104,대별,1
2105,조건,1
2106,옛사랑,1
2107,이문세,1
2108,띠리링,1
2109,빅뱅,1
2110,집어넣다,1
2111,벗꼿엔딩,1
2112,땡기다,1
2113,인간,1
2114,고딩,1
2115,여름밤,1
2116,쉬다,1
2117,예년,1
2118,노래방,1
2119,진격,1
2120,놀리다,1
2121,팥빙수,1
2122,꼬,1
2123,피해자,1
2124,절정,1
2125,경칩,1
2126,낭,1
2127,실수,1
2128,너머,1
2129,꺼지다,1
2130,기구,1
2131,애기,1
2132,겪다,1
2133,잡아먹다,1
2134,효,1
2135,뮤직비디오,1
2136,화나다,1
2137,등낭,1
2138,랄,1
2139,휴가,1
2140,크게,1
2141,차이,1
2142,황홀하다,1
2143,선임,1
2144,정리,1
2145,차고,1
2146,견장,1
2147,배치,1
2148,국룰,1
2149,무더위,1
2150,이동,1
2151,쇼,1
2152,통기타,1
